Brand,Processor_Speed,RAM_Size,Storage_Capacity, Price 
Asus,3.830295706,16,512,17395.09
Acer,2.912832959,4,1000,31607.61
Lenovo,3.24162706,4,256,9291.02
Acer,3.806248453,16,512,17436.73
Acer,3.268096586,32,1000,32917.99
HP,1.881347607,16,256,9543.72
Lenovo,2.9407209,32,256,10390.14
Lenovo,3.016787616,4,256,9214.48
Lenovo,2.560326678,4,512,16372.18
Acer,3.341110589,32,512,18501.83
Asus,3.835917537,4,1000,31967.61
Lenovo,3.813921282,32,512,18534.11
Acer,2.627098429,8,512,17495.98
HP,1.783095115,16,256,9731.98
Asus,3.962102997,8,256,9831.39
HP,3.597245216,32,256,11038.93
Asus,1.811656703,16,256,8971.51
Acer,3.802104707,32,256,10915.06
Dell,3.674740905,16,256,9637.89
Asus,2.797095143,16,256,9593.11
HP,2.978188589,16,1000,31965.36
Acer,2.49750676,16,1000,32025.84
Asus,1.636904097,32,1000,32764.27
Dell,2.337993104,16,1000,32114.82
Dell,3.507133621,16,256,9929.51
Lenovo,1.511580058,8,1000,31623.81
Lenovo,2.333747929,4,256,9264.93
HP,2.495421734,4,1000,31549.8
Asus,2.843489007,8,512,16729.55
Asus,3.799639041,8,1000,31747.6
Lenovo,2.365864986,32,1000,32817.52
Asus,2.367383005,32,256,10605.77
Asus,3.34375312,32,1000,32810.02
Dell,2.630544852,8,512,17059.61
Lenovo,2.061512057,8,256,8973.59
Acer,2.63109879,16,256,9912.49
Lenovo,1.852142551,32,1000,32801.65
Acer,1.940967466,32,256,10174.2
Dell,2.745919432,32,256,10325.36
HP,2.547313624,4,256,9221.14
Asus,3.787114753,16,256,10233.79
Dell,2.405984748,32,256,10333.32
Asus,2.951470876,32,256,10781.54
HP,3.08066072,32,512,18167.3
HP,1.532736141,4,1000,31381.41
Dell,3.15884343,4,512,17124.22
HP,1.945089917,8,256,9280.14
Acer,3.902675794,16,256,9701.09
HP,1.871656819,8,1000,31673.7
Asus,2.536560309,16,512,17493.65
Asus,1.71337417,4,1000,31339.16
Asus,3.99218563,32,512,18495.18
Asus,2.755487526,8,256,9140.17
Acer,2.988462543,32,1000,33151.04
Lenovo,1.667691193,8,1000,31612.05
Dell,3.374901176,4,256,9081.9
Asus,2.024763983,4,1000,31650.73
HP,3.745135724,4,512,17076.68
Asus,2.012849101,8,512,16983.64
HP,1.976719302,16,512,17283.38
HP,1.59137417,8,512,16788.67
Asus,2.680167363,16,256,10029.58
Acer,2.912102833,8,1000,31879.66
HP,1.664271599,8,512,17008.99
HP,3.438819042,4,256,9362.27
Asus,2.633222087,32,1000,33008.9
HP,2.810975673,32,1000,32703.61
HP,2.601906867,16,256,9859.68
Asus,2.501907652,32,256,10566.17
Asus,2.899100828,8,512,16702.35
Dell,1.888100615,8,1000,31232.36
Acer,1.954820326,4,1000,31169.85
Acer,3.654464053,4,256,9486.59
HP,3.865288655,32,1000,33005.18
Acer,2.433273291,16,512,17299.66
HP,2.176861683,32,1000,32993.53
Dell,3.109998858,32,256,10514.89
Asus,2.521835428,32,256,10859.96
Asus,1.563465889,32,512,18310.41
Asus,1.890381493,8,512,16833.28
Acer,3.289930572,16,1000,32339.84
Dell,3.147309855,8,1000,31954.95
Acer,1.567739981,16,256,9437.65
Acer,2.054930405,4,512,16879.49
Dell,2.077686991,32,512,18371.75
Dell,3.179731859,8,512,16959.09
Dell,1.549276344,16,1000,31849.95
Dell,1.760271455,4,512,16691.85
Asus,3.499790213,4,256,9454.45
Lenovo,1.946361655,32,256,10327.84
Lenovo,3.13186527,16,1000,31996.36
Dell,2.095456953,8,1000,31624.84
Lenovo,1.748603482,32,512,18295.12
Lenovo,2.107930477,8,1000,31362.16
Dell,3.30566733,4,256,9107.98
Lenovo,3.63924117,8,512,17146.71
Acer,3.575549661,8,256,9491.27
HP,2.492958824,32,512,17807.04
HP,3.170212841,8,1000,32097.52
Dell,2.012460739,32,512,18042.96
Asus,2.232869326,4,512,16746.85
Dell,3.740839546,32,256,11055.05
Asus,1.532504809,32,256,10462.14
HP,1.713771327,16,512,17155.74
Dell,2.019715638,8,1000,31568.08
Acer,1.56633051,4,1000,31197.9
Lenovo,1.953588588,32,256,10711.44
Asus,2.957603902,4,1000,31533.2
Lenovo,2.553561376,16,256,9478.12
Lenovo,3.731679278,8,1000,31512.88
Dell,3.543608904,32,512,18702.48
Lenovo,2.354543379,8,256,9143.22
Acer,2.148558584,16,256,9819.85
Lenovo,2.44923102,16,512,17407.54
Dell,2.975737356,4,256,9126.59
Acer,2.170159102,32,1000,32689.03
HP,3.06037227,4,1000,31828.83
Lenovo,2.52352913,16,256,9415.94
Dell,2.880117952,8,1000,31601.44
HP,2.590316323,4,256,9328.96
HP,2.236164399,4,512,16523.52
Asus,3.871133267,8,256,9829.33
Acer,3.409014485,4,512,17204.65
Lenovo,1.850282939,8,1000,31515.5
Dell,3.67116994,32,512,18366.44
Asus,2.718577996,8,1000,31416.86
Acer,3.736380567,32,256,10905.98
Asus,3.49963814,8,1000,32336.2
Acer,2.563033761,16,256,9790.71
Acer,1.556173271,16,256,9168.64
Lenovo,2.171693398,32,512,18277.15
Acer,2.854085537,32,512,18464.51
Asus,3.08369555,16,512,17376.02
Acer,2.144719214,32,512,17980.8
Lenovo,1.848390185,8,1000,31389.47
Lenovo,3.587325592,8,1000,31772.92
Asus,3.961005452,16,1000,32342.71
HP,2.814225456,4,256,8995.59
HP,1.929198215,8,1000,31299.79
Acer,2.180768316,32,1000,32806.59
Dell,1.545976691,4,1000,31236.54
Acer,3.785747016,4,512,16954.67
Asus,1.794377707,8,1000,31559
Asus,2.941291189,8,256,9054.15
Asus,2.185138052,4,512,16824.8
Asus,2.885445006,4,256,9162.53
Asus,3.128550971,16,1000,32252.68
Lenovo,3.574354509,32,512,18492.16
HP,2.016053179,16,256,9850.11
Asus,1.527489572,8,1000,31521.46
Dell,1.842214075,16,256,9771.53
Dell,3.750046605,16,256,9926.27
Dell,3.684725194,16,256,9941.85
Dell,2.993532755,16,1000,32153.74
Lenovo,3.001292151,32,1000,33063.17
Dell,3.162591686,32,256,10791.99
Asus,1.938428197,4,512,16769.08
Acer,3.786029865,8,512,16953.65
Dell,2.546926312,16,1000,32215.49
Lenovo,2.457846321,4,1000,31218.31
Lenovo,2.797294263,4,1000,31293.45
Dell,1.617414917,4,1000,30967.94
Acer,1.915708422,32,1000,32653.96
Dell,3.345084041,16,512,17857.16
Lenovo,1.70699667,16,1000,31661.08
HP,3.007880274,8,256,9750.1
Asus,2.113372774,16,256,9801.24
Lenovo,2.473239035,16,512,17108.25
Dell,2.221734342,4,256,9000.73
Asus,2.389181791,8,512,16757.01
Dell,3.297614763,16,512,17684.87
Dell,2.242804289,32,256,10314.43
HP,2.916011601,16,1000,31802.52
Asus,2.690126005,4,256,9084.37
Asus,3.159177913,32,256,10869.94
HP,3.842074348,4,512,17080.49
Lenovo,3.331430243,16,256,9960.4
Dell,2.037350946,32,512,18215.28
Acer,1.577957838,8,1000,31123
Dell,2.155660111,8,1000,31442.7
Dell,2.987694827,32,1000,32908.69
Lenovo,1.628564534,32,256,10282.91
Dell,2.740915618,4,512,17196.59
HP,2.992107122,32,1000,32653.1
HP,2.335609727,4,512,16613.51
Asus,3.427280509,16,512,17629.78
Acer,1.766495633,4,1000,31216.57
Dell,1.687844454,32,1000,32159.49
Dell,3.320471891,32,512,18787.38
Lenovo,2.738728291,16,1000,31817.74
HP,3.221005991,32,512,18502.22
Acer,2.587068347,32,512,17967.13
Asus,2.116005083,8,1000,31428.7
HP,3.547755794,8,256,9241.11
Asus,3.498539697,16,1000,32141.82
Lenovo,3.236741177,4,256,9141.79
Lenovo,2.180362843,8,512,16929.32
Dell,2.975576667,4,512,16795.17
Acer,2.402434742,32,256,10241.8
Asus,1.728955183,8,512,16724.51
HP,3.793283939,16,256,10263.36
Lenovo,1.842046577,16,256,9881.34
Dell,3.875593385,16,512,17781.52
Dell,2.615014432,8,256,9435.39
Asus,1.962832322,4,1000,31764.04
Lenovo,2.854752368,32,1000,33014.13
Acer,3.68236459,4,512,17151.99
Lenovo,3.330562216,4,512,16609.82
Asus,3.51640287,32,256,10474.26
Asus,3.146958417,32,256,10622.18
Lenovo,3.230691411,8,256,9346.06
Asus,3.622989129,8,256,9303.95
Lenovo,2.124170022,8,1000,31372.5
HP,2.723562409,8,1000,31441.58
Lenovo,2.053023605,8,512,16713.61
Lenovo,3.96917002,32,256,10901.06
Asus,3.860148349,4,256,9803.7
Asus,1.598567028,8,512,17025.47
Dell,3.263937931,8,256,9635.72
Dell,3.813120794,4,256,9094.78
HP,1.951438363,8,256,9279.03
Dell,2.919863076,4,256,9194.58
Lenovo,3.788720744,4,256,9477.92
Asus,1.584864946,32,512,17880
Dell,3.243550668,16,256,10254.3
Dell,2.243372518,32,512,18151.59
HP,3.810990488,16,256,10027.71
HP,3.927645613,16,1000,31901.47
Lenovo,3.860666223,16,1000,32319.9
Asus,2.685535542,8,1000,31872.57
HP,3.655106627,32,1000,33229.67
Dell,3.611373496,16,512,17242.83
Asus,2.297751183,4,512,16631.42
Asus,3.572288685,8,256,9925.18
Dell,1.592519087,32,1000,32652.9
HP,2.990674696,16,512,17595.71
Dell,2.075022093,4,256,9340.22
Asus,1.801417214,32,256,10321.73
Acer,1.692383004,32,512,18161.47
Acer,3.24072194,8,1000,31859.43
Lenovo,2.349687409,32,256,10668.63
Dell,3.311916929,8,1000,31823.65
Dell,1.663390852,16,1000,31815.64
Lenovo,2.288225845,8,1000,31503.17
Lenovo,2.848728231,4,256,9024.89
Lenovo,3.476807912,8,1000,31547.05
Asus,2.296881257,4,256,9385.94
Dell,3.064728441,8,1000,31747.39
Asus,3.714944371,32,256,11008.91
Lenovo,3.03965797,16,1000,32447.6
Dell,2.082398687,4,512,16669.2
Asus,1.561001954,8,1000,31160.04
Asus,3.675247185,8,1000,31821.65
Lenovo,1.553173527,8,256,8991.51
Dell,3.686754182,32,256,10405.95
Lenovo,2.822342835,32,1000,32808.86
Dell,3.847669246,4,512,17065.08
Acer,3.496958089,4,512,16854.3
HP,3.994835276,32,256,10697.84
HP,2.376779539,4,512,16575.25
HP,3.417970722,16,1000,32274.63
Lenovo,2.504827284,16,256,10131.59
Acer,2.699689051,32,1000,33111.69
Dell,3.068763658,4,256,9384.82
Asus,3.684192785,8,256,9664.04
Dell,3.960208673,16,256,9978.87
Asus,3.420683535,32,256,10387.05
Dell,2.544416955,4,512,16773.99
Acer,2.553392506,32,1000,32629.16
Asus,3.343955754,8,1000,31848.66
Lenovo,2.096942864,16,1000,32205.99
Dell,1.776185283,32,256,10723.12
Dell,2.386555394,32,512,18152.55
Asus,2.218097479,32,1000,32437.39
Lenovo,2.240770301,8,512,16912.47
Lenovo,2.084019378,32,256,10428.13
Acer,1.605232974,8,1000,31566.96
Lenovo,1.544684837,8,512,16777.66
Lenovo,3.969305974,8,256,9647.84
Lenovo,2.569432834,16,512,17291.11
HP,2.460816618,16,1000,32039.04
Acer,3.199118207,32,1000,33063.24
Dell,2.04563472,32,256,10059.05
Asus,3.87490296,16,256,9968.18
Dell,3.465862536,4,256,9471.95
Acer,1.723527506,16,512,17573.06
Asus,2.543951939,8,512,16968.45
Acer,3.697795769,16,512,17844.56
Lenovo,3.861830056,8,256,9905.98
Asus,2.668503778,32,1000,32812.69
Lenovo,3.033528473,4,1000,31446.72
Dell,1.917584865,32,512,17999.39
Dell,3.977921565,8,512,17328.13
Asus,2.079179253,8,1000,31803.59
Asus,3.856829435,8,1000,31773.8
Acer,3.124116622,4,512,17299.43
Acer,3.019341987,16,512,17354.58
Lenovo,2.781721278,32,1000,32706.13
Asus,2.076674529,32,256,10558.37
Dell,1.94132008,16,512,17504.67
Acer,2.051215523,32,1000,32809.52
Acer,1.966095655,4,1000,31435.52
Dell,3.448961184,32,1000,33459.85
Acer,2.375313148,8,1000,31908.59
Lenovo,1.644606691,16,256,9608.28
Asus,3.922756575,4,1000,31653.26
Dell,3.709464712,16,512,17905.29
Asus,3.819380708,4,256,9576.8
Acer,3.987269557,8,1000,32018.24
Acer,1.934738123,16,256,9594.16
Dell,2.490605047,32,512,18157.02
Lenovo,3.395596189,4,1000,31613.46
HP,3.240051545,16,512,17547.66
Dell,1.884739766,32,1000,32638.55
HP,3.539582812,16,1000,32339.21
HP,2.06110143,16,1000,31865.4
Lenovo,2.059544037,16,1000,31987.43
HP,2.842436057,4,1000,31150.08
HP,2.982349837,32,256,10454.86
Lenovo,2.95021552,8,1000,31916.07
HP,1.728717093,4,1000,31095.04
HP,3.693652157,4,256,9480.67
HP,2.164000106,4,256,8909.47
Dell,1.823787303,8,256,9379.79
Dell,3.7218702,32,256,10692.55
Dell,3.889128746,32,256,10742.17
Lenovo,3.655319043,32,256,10722.28
Acer,3.523790187,16,1000,31974.33
HP,3.138104952,16,1000,32396.81
HP,2.877143427,16,512,17694.48
Lenovo,1.7174669,8,1000,31397.57
HP,2.521133033,16,1000,32125.16
Dell,2.431721293,8,256,9411.27
Acer,2.149384459,32,256,10428.78
Asus,3.308550284,16,1000,31944.08
HP,2.739689338,16,512,17811.47
Dell,1.70261554,4,256,8938.61
Asus,2.050458005,8,1000,31427.37
Acer,3.208146909,32,1000,33370.44
Asus,1.690327149,4,512,16748.04
Dell,3.628017285,4,512,17087.55
Asus,2.737866318,32,256,10433.7
Lenovo,2.701466443,4,512,16972.93
Asus,2.981019462,8,1000,32379.04
HP,3.561702415,8,1000,31979.49
HP,2.36952302,16,512,17471.61
Lenovo,3.195040381,4,512,17045.6
Dell,2.91432991,16,512,17455.3
HP,2.167570675,4,512,16675.25
Acer,3.696574966,8,256,9506.55
HP,3.493565054,8,512,17077.87
HP,3.146129587,8,256,9373.87
Dell,3.626454323,4,1000,31553.45
Asus,3.668235502,8,512,17166.35
HP,3.270907442,4,256,9281.47
Lenovo,3.592533321,16,512,17642.98
Asus,3.243678654,4,1000,31654.49
Acer,3.200351929,16,1000,32262.8
Dell,3.046528446,4,1000,31840.45
Acer,3.381791599,16,512,17603.49
Asus,1.896512763,8,512,17278.84
Asus,3.702176898,16,256,9990.74
Asus,3.679608819,8,1000,31722.44
Acer,1.573118208,8,512,17113.95
Asus,3.564541876,16,1000,32221.28
Acer,1.822174669,4,1000,30846.99
Asus,2.337797136,4,256,9085.71
Lenovo,3.358770641,32,256,10625.41
Asus,1.90189974,4,256,9352.73
Acer,3.54491756,32,256,10574.27
HP,3.580335445,4,1000,31550.9
Asus,2.768669334,4,256,9405.33
HP,1.515964679,8,256,9230.66
Lenovo,2.217595333,32,256,10425.08
Dell,3.042317296,4,256,9098.35
Lenovo,3.952965445,32,1000,33201.85
Asus,3.079533818,8,256,9433.44
HP,2.149508953,8,1000,31391.56
HP,3.085014258,32,512,18159.14
Acer,2.849963449,8,1000,31565.97
HP,3.449613488,16,1000,32020.83
Acer,1.767451597,16,256,9786.05
Dell,3.402569756,8,512,17377.64
Asus,2.853166447,16,512,17676.86
Acer,3.90748001,4,512,17120.15
Dell,2.354680415,32,512,18113.26
HP,3.081554733,4,1000,31513.3
HP,3.830070264,32,512,18700.66
Dell,1.75627432,8,1000,31131.53
HP,3.843071218,4,1000,31629.79
Dell,3.219714306,8,1000,31560.66
Acer,1.669592648,8,512,17123.89
Acer,2.252408917,32,256,10425.01
Dell,3.270430222,32,256,10410.69
Acer,1.668376504,32,512,18117.86
Acer,2.95542615,4,256,9160.56
Acer,2.364707642,16,256,9603.57
Lenovo,3.052288794,32,1000,32836.16
Asus,1.614355085,32,1000,32498.58
HP,3.678842015,4,512,17176.39
Lenovo,3.933722423,32,512,18544.96
Acer,3.922194638,4,256,9415.28
Dell,3.374129579,8,1000,31582.16
Acer,1.8252156,32,512,18033.55
Asus,3.39565799,32,512,18446.75
Acer,1.561467291,8,512,16883.32
Dell,1.555308879,8,512,16876.74
Asus,2.309025548,8,512,16753.08
Acer,2.721607976,32,512,17768.37
Asus,3.426018545,16,256,10323.87
HP,3.208238442,16,1000,31931.01
HP,2.614756766,16,1000,31641.11
Acer,2.184066666,32,512,18194.16
Asus,3.99281125,8,1000,31637.77
Dell,2.565453256,32,1000,32648.15
Acer,2.628467561,8,1000,31803.03
HP,1.909059553,32,512,18466.37
HP,3.487023872,32,512,18463.78
Acer,3.234205564,8,1000,31768.89
Asus,2.051924032,16,1000,31988.68
HP,1.705952614,8,512,16518.08
Asus,3.201248255,4,256,9219.62
HP,3.136278036,4,1000,31454.6
HP,2.183148817,8,256,9256.76
Lenovo,3.877158906,32,1000,33503.94
HP,1.877644729,4,256,8570.01
Dell,2.580837003,4,256,9058.41
Acer,3.8590398,32,256,10483.98
Acer,2.549318292,32,512,18164.7
Asus,3.096314869,16,256,9674.42
HP,2.493985995,32,256,10259.57
Dell,2.185538006,8,256,9469.11
Asus,3.95994412,8,1000,31967.51
Lenovo,2.523335016,16,256,9852.22
Asus,3.735248009,4,1000,31588.89
Asus,2.074886515,4,256,9059.27
HP,2.03276176,32,256,10740.17
Lenovo,1.577835207,8,512,16841.41
Asus,3.129167063,4,1000,31685.2
Dell,2.421315859,16,256,9602.42
Dell,3.660895625,16,1000,32443.39
Acer,2.683024767,8,1000,31587.75
Lenovo,3.92048357,16,512,17358.18
Lenovo,1.963813789,16,512,17330.03
Acer,3.67155792,8,512,17203.64
Asus,3.441492132,32,512,18133.6
Lenovo,3.427304612,32,512,18459.2
Dell,3.61195807,16,512,17462.73
Dell,3.402559977,32,512,18958.32
HP,3.065550804,32,512,18008.28
Lenovo,1.828112194,16,256,9368.84
Asus,1.581315449,32,1000,32818.08
Acer,3.80211962,16,512,17611.82
Acer,3.041625786,4,512,17148.41
Asus,3.491343227,8,1000,31979.69
HP,2.703805879,8,256,9296.27
Acer,1.793270472,32,1000,32408.58
Lenovo,1.812964481,32,1000,32866.04
HP,3.213913218,32,512,18035.13
Lenovo,2.575764737,8,1000,31747.01
Dell,2.001311817,4,1000,31485.28
HP,2.728986367,4,512,16752.82
Acer,1.660522343,8,512,16840.02
HP,2.954928505,4,512,16709.95
HP,2.172483511,8,512,17007.62
HP,3.493897752,4,1000,30976.62
HP,2.275904897,16,1000,32156.28
Lenovo,2.638050373,16,256,9717.43
Dell,1.52905135,8,256,9148.77
Asus,1.681117219,4,1000,31332.93
HP,2.481233891,32,256,10231.29
Acer,2.699847087,4,1000,30998.01
HP,3.00005137,16,256,9864.41
Acer,2.229156447,16,512,17642.37
Lenovo,3.237454715,4,256,8957.61
Acer,3.650305993,4,512,16837.25
Asus,3.449627472,32,512,18503.89
Dell,1.599047063,32,512,18102.22
Acer,2.701267368,4,512,17441.79
Acer,1.762325446,4,256,9226.49
Dell,2.10511254,4,1000,31523.86
Asus,3.966656483,4,512,16924.53
HP,1.856238857,8,256,9301.58
Acer,2.747220384,4,512,17162.59
Dell,3.045389336,32,256,10597.82
Lenovo,3.256162426,16,256,9842.04
Dell,2.899121709,8,256,9425.2
Lenovo,1.524427119,4,1000,31156.94
Asus,2.316153271,16,256,9751.86
HP,2.794279108,8,256,9494.6
Dell,1.719666248,16,1000,32176.1
Acer,2.376567328,4,1000,31443.16
Asus,1.583007772,4,256,9109.54
Dell,1.696446243,32,1000,32639.7
Acer,2.492308191,4,512,16974.39
Dell,1.831789385,4,512,16587.51
Lenovo,2.918852121,8,1000,31904.03
Dell,3.223662423,32,1000,33137.46
Dell,3.501466748,8,256,9246.78
Dell,2.000375611,16,1000,32178.29
Asus,1.918706456,4,256,9033.57
Dell,1.761419601,16,512,17106.43
Acer,3.091075624,8,1000,31624.22
Lenovo,3.266189316,4,256,9365.56
Lenovo,1.578965362,4,256,8990.32
Dell,3.840530616,8,512,17332.94
Asus,1.629928209,8,1000,31505.46
Asus,2.853240838,8,512,17127.62
Acer,3.272651299,8,256,10059.02
Dell,3.677422809,8,256,9555.87
Lenovo,3.28521733,4,1000,31506.82
Asus,3.504320208,8,256,9071.15
Dell,2.348625481,4,1000,31209.08
Asus,3.537062784,4,512,17205.21
Asus,1.700287116,8,1000,31593.98
Lenovo,3.73704164,8,1000,31622.76
HP,2.86898094,32,256,11079.3
Acer,3.543244425,4,256,9415.26
Acer,2.630795711,8,1000,31809.78
Lenovo,3.108944238,8,256,9899.16
Asus,2.816006652,8,256,9795.02
Dell,3.328973804,32,256,10900.5
Asus,1.704074955,32,1000,32857.12
Lenovo,1.65088021,16,256,9788.82
Acer,2.117758085,4,1000,31343.02
Asus,1.8988617,16,256,9619.82
Acer,3.679458916,8,512,17397.55
Dell,2.048034968,32,256,10350.81
Acer,3.93966314,32,256,10638.5
Acer,2.342239479,16,1000,31985.35
HP,1.955294789,32,1000,32500.16
HP,3.474246268,8,256,9494.44
HP,3.146769439,32,512,18033.23
Acer,2.745489291,16,256,9848.92
Lenovo,2.888408877,8,256,9048.61
Acer,3.298004446,16,512,17515.92
Lenovo,2.071136853,32,1000,32871.27
Lenovo,3.99083479,16,256,10192.67
HP,3.936982905,16,1000,32525.79
Asus,3.125814216,4,1000,31661.6
Dell,1.998856127,32,512,17853.61
HP,3.200570606,32,512,18590.42
HP,1.680496022,16,1000,31702.15
Asus,1.576631256,4,256,9123.79
Dell,2.144207221,32,1000,32868.88
Acer,2.656557392,8,256,9596.57
Acer,3.670681264,16,256,9974.81
HP,3.317922674,32,512,18224.92
Dell,3.356766303,8,256,9264.36
HP,2.563733336,32,256,10359.76
Lenovo,2.364837481,8,1000,31335.58
HP,2.427596907,16,512,17545.41
HP,3.969123909,32,256,11011.79
Acer,1.600272979,32,256,10461.21
Acer,3.66757874,4,512,17033.5
Acer,2.946688521,16,1000,32560.41
Lenovo,2.596538548,8,512,17055.86
Acer,3.313144151,32,512,18399.78
Dell,2.716672354,32,256,10572.38
Asus,3.683558095,8,256,9524.52
Dell,3.75175466,16,1000,32418.23
Dell,2.554302317,4,256,8969.5
Acer,2.192069493,4,256,8931.64
Asus,2.980875821,32,512,18381.45
Asus,3.780908364,8,256,9540.26
Asus,2.026655473,32,1000,32722.2
Lenovo,3.057416459,8,512,17031.58
Acer,3.07890055,4,1000,31558.71
Asus,3.332782556,16,512,17501.26
Lenovo,1.828919213,8,256,9029.92
HP,3.289562412,4,512,16757.88
HP,3.772581302,32,512,18579.29
Lenovo,1.949207772,8,256,9217.45
Lenovo,2.093858312,16,256,9783.63
Acer,3.928487735,32,1000,33354.9
Acer,1.952442382,32,1000,32611.79
HP,3.635962733,4,256,9468.15
Asus,2.730694641,8,256,9404.82
HP,2.118077686,32,256,10413.73
Asus,3.676874753,16,512,17863.35
Asus,2.613263138,8,512,17124.38
Acer,2.787043385,16,512,17442.28
Dell,2.398083423,32,256,10554.61
Dell,2.982377129,16,1000,31929.67
Lenovo,1.908809681,4,256,9087.07
Acer,2.477703842,16,512,17064.36
Asus,3.923530806,8,512,17155.42
Dell,2.145333582,16,256,9740.41
Asus,3.141841661,16,256,9274.53
Dell,2.312975161,4,512,17156.71
Dell,3.433682814,16,512,17789.17
Dell,1.827184152,16,512,16922.99
Acer,3.924552613,32,256,11255.35
HP,2.634473853,32,512,18769.15
Asus,2.090126158,8,512,16918.87
Acer,1.683741868,32,1000,32466.67
Acer,1.924394763,32,256,10719.67
Acer,2.799434871,32,1000,32767.27
Acer,2.342507941,32,1000,32795.04
Acer,3.572208415,4,512,17298.47
Lenovo,2.577218809,32,256,10517.18
Asus,2.121785681,4,512,16732.18
Acer,3.042862467,4,256,8975.33
Asus,3.266943042,32,1000,32909.11
Lenovo,1.91760477,16,256,9526.04
Lenovo,1.919048041,4,512,16430.16
Asus,1.591678567,16,512,16969.92
Dell,3.341005038,16,512,17572.44
HP,3.159511319,32,256,10307.6
Dell,2.686577189,8,1000,31553.4
Dell,3.610426122,32,1000,33489.97
Dell,3.514175382,8,256,9431.37
Acer,2.963385911,8,512,16951.44
Lenovo,3.670678201,32,1000,32968.61
Dell,2.014603025,32,512,18036.24
Lenovo,1.779799048,8,256,9341.54
Asus,2.174374029,32,512,18293.33
HP,1.64271714,8,1000,31331.88
Asus,2.82792382,16,1000,32057.6
Asus,3.841514231,32,512,18728.75
Acer,1.598358852,16,256,9252.22
HP,1.805274785,4,512,16674.18
Asus,2.630497571,16,256,9804.02
Asus,3.834687544,16,512,17539.35
HP,2.290390262,8,1000,31522.5
HP,2.768087022,16,256,9642.71
Asus,1.603932148,32,256,10438.45
HP,1.870858002,8,256,8960.5
Asus,3.966575307,4,1000,31954.09
Asus,3.912796741,32,512,18484.09
Acer,1.512349952,4,1000,31192.3
Dell,3.879529464,16,256,9848.91
Asus,3.097799845,32,512,18564.87
Lenovo,3.669795736,32,1000,32943.02
Dell,2.636849639,4,256,8951.26
Dell,2.788990071,32,256,10805.22
Dell,2.722116451,32,1000,32761.72
Acer,3.167160644,32,1000,32953.47
Asus,1.849128137,16,1000,32130.93
Acer,1.574933975,4,256,9026.51
Asus,2.269824854,32,1000,33188.92
Acer,3.261701907,8,256,9283.18
Acer,2.00463363,8,1000,31446.98
Lenovo,3.183581083,8,256,9468.28
Acer,3.924780115,8,256,9684.28
HP,1.734751789,16,512,17543.33
Lenovo,3.181505296,32,1000,33000.2
Acer,2.609375548,4,1000,31420.17
Dell,3.670355636,32,256,10521.56
HP,1.942874474,16,256,9643.78
HP,3.231564881,8,256,9346.2
HP,3.595288224,16,512,17769.03
Lenovo,3.861535549,32,512,18371.27
Acer,3.208120071,4,256,9240.68
Acer,2.74293691,16,1000,31778.85
Dell,3.044618101,4,1000,31234.93
Dell,3.672262461,16,512,18071.46
HP,2.926524367,4,512,16893.74
Dell,1.575967649,4,256,9049.03
Lenovo,3.827371739,8,1000,31735.42
Acer,3.223816878,4,256,9412.6
HP,3.191283464,8,512,17329.77
Dell,2.039187881,32,1000,32526.83
Lenovo,3.147213676,32,1000,32739.65
Lenovo,2.484661014,8,512,16845.48
Dell,3.128082443,8,256,9459.67
Acer,1.766482576,16,256,9611.79
Dell,3.144613262,16,1000,32216.96
HP,3.998534314,16,512,17992.66
Dell,1.620530097,32,1000,32533.07
Lenovo,3.942935461,16,512,17430.74
Dell,2.517269902,4,256,9121.35
Acer,3.676883626,4,512,16675.43
Asus,3.45596371,16,256,10040.27
Dell,2.917540652,4,512,16924.31
Acer,3.346123023,32,1000,32925.4
Acer,3.696288903,4,256,9262.46
Lenovo,2.510350804,32,1000,33009.99
Acer,2.317582904,8,1000,31832.49
Acer,3.168983464,8,256,9470.81
Acer,3.519614855,8,256,9647.16
Acer,3.405712837,8,1000,32038.62
HP,3.494534122,4,1000,31751.63
HP,2.588958287,16,1000,32024
Lenovo,3.54458554,4,1000,31661.83
Dell,1.800522638,32,256,10195.39
Acer,2.861222745,4,256,9232.83
Dell,1.514396651,4,1000,31227.63
Dell,2.311464575,32,512,18116.17
Lenovo,2.416153837,8,512,16640.73
Acer,2.490431729,8,256,9137.91
Acer,3.238668017,8,1000,31753.56
Asus,2.471395253,16,1000,32192.59
Dell,2.621734057,32,256,10617.7
Dell,2.093860327,32,512,18317.26
HP,2.433129479,4,512,17073.49
Asus,2.068174068,16,512,17425.21
HP,1.682989809,8,256,9125.49
HP,3.008621483,16,512,17324.42
HP,3.170531996,32,256,11019.57
Lenovo,3.048725865,32,256,10374.53
Lenovo,2.65873511,4,1000,31494.36
HP,2.44946445,4,512,17000.04
Asus,3.658334124,32,256,10881.51
Dell,2.797704463,8,512,16839.89
Asus,2.697954694,8,512,16919.59
Acer,1.564105165,16,1000,31727.41
Lenovo,2.353119569,32,512,17817.93
Dell,2.450489047,32,1000,32923.66
Dell,2.497056952,8,256,9217.35
Acer,2.950430923,8,512,17420.46
Acer,2.834006367,32,256,10668.03
HP,3.019762732,4,512,16908.29
Lenovo,3.412208154,32,256,10614.66
Lenovo,3.532464347,32,512,18478.14
Asus,3.295307691,8,512,17159.32
HP,3.88880924,8,512,17265.18
HP,1.545581457,4,512,17050.34
HP,1.989444964,4,512,16526.29
HP,1.518907187,16,512,17192.85
Lenovo,3.118686785,32,512,18423.12
Lenovo,3.745076372,8,512,17128.66
HP,2.108705741,4,512,17045.21
Asus,3.817586362,16,256,10138.5
Dell,1.650668476,16,1000,31685.74
Dell,3.836090067,8,512,17330.84
Asus,2.379056718,8,1000,31508.34
HP,1.753552071,16,512,17134.11
Lenovo,2.714679398,4,512,16856.31
Dell,2.141941419,16,256,9877.7
Acer,2.212182255,32,256,10603.05
Acer,2.268224912,32,1000,32837.38
Asus,3.507564745,8,256,9681.81
HP,2.847903192,4,256,9197.98
Dell,2.278269248,4,1000,31150.46
HP,3.025834458,32,256,10601.35
Dell,3.290376686,16,512,17524.67
Asus,2.181560002,8,1000,31727.52
Asus,2.533872754,16,1000,31925.08
Acer,1.804715233,16,512,17030.91
HP,1.952873374,16,256,9636.02
Acer,3.202794635,4,1000,31471.25
HP,1.953595869,32,1000,32690.2
Acer,2.812908459,4,512,16815.94
Lenovo,3.272615654,32,512,18247.32
Lenovo,1.767192308,8,256,9384.53
Lenovo,2.918280549,8,1000,32024.43
Lenovo,2.141406959,16,256,9829.3
Dell,3.907317188,32,256,10424.74
Lenovo,2.708864117,32,512,18156.08
Asus,3.514981374,32,1000,32982.44
Asus,2.875566355,16,1000,31740.33
Dell,1.608531332,16,1000,31723.78
Lenovo,3.082878439,8,512,17095.15
Lenovo,3.878508356,4,512,16986.15
Lenovo,3.00402955,32,512,18286.89
Acer,3.547972149,32,512,18168.94
HP,3.710516158,4,512,16921.03
Acer,2.07019943,32,1000,32752.15
HP,2.0301121,16,256,9600.27
Lenovo,3.027452472,16,1000,32289.03
Lenovo,2.527571175,32,256,10573.86
Acer,3.599653257,16,512,17606.22
Acer,3.750057808,16,256,10001.83
HP,2.383553448,32,1000,32720.53
Asus,2.092176397,8,1000,31551.21
HP,3.451313788,4,256,9110.31
Acer,2.187015089,16,512,17517.69
Acer,3.556535796,8,512,17121.01
Dell,2.559345634,16,1000,32245.01
Acer,3.168874748,16,256,9936.62
Dell,1.738838285,4,512,16440.8
Asus,3.059648312,16,512,17541.14
HP,2.629419197,4,1000,31615.4
HP,2.966521158,4,512,16925.69
Dell,1.920035519,4,256,8994.58
HP,3.342184362,8,1000,31637.58
Acer,3.656992694,32,1000,33034.2
Lenovo,2.0418495,8,256,9337.26
Dell,1.739286389,32,1000,32607.61
HP,1.559096465,32,512,17766.4
Dell,3.104928751,4,512,17138.51
Dell,3.01773509,16,256,9932.65
Lenovo,2.866743532,4,512,16715.11
Acer,2.07986774,16,256,9725.35
Dell,2.47726499,32,256,10270.6
HP,2.986190838,4,512,16510.33
Asus,2.741917147,16,256,10026.5
Dell,3.969463801,8,512,17321.5
Dell,1.841099381,16,1000,31925.99
Lenovo,3.237861385,4,1000,31694.4
Acer,2.51079692,8,256,9956.63
Asus,2.570499037,16,512,17616.64
HP,3.293994414,16,512,17324.52
Asus,3.231090378,16,1000,31821.55
HP,3.978139984,16,1000,32493.06
Acer,1.820985724,16,512,17425.03
HP,1.760274123,8,256,9314.48
Lenovo,3.310847043,32,1000,32911.47
Lenovo,2.945967293,8,256,9498.26
Lenovo,2.185401666,8,256,9174.86
Lenovo,1.698548422,8,1000,31646.72
Asus,1.714145624,32,256,10530.54
Acer,3.735477187,4,256,9259.83
HP,1.979668312,32,512,18287.94
HP,2.308428905,8,256,9323.04
Lenovo,2.066641006,16,512,17459.1
Lenovo,2.387490765,16,1000,31720.06
Dell,1.673559607,8,1000,31543.33
Acer,2.797649477,16,512,17352.27
Asus,1.669031409,8,1000,31582.73
HP,3.50089127,16,256,10194.66
Dell,2.084280205,32,256,10487.6
Dell,2.850029787,4,256,8946.64
HP,3.700197719,4,1000,31787.83
Asus,3.127193423,32,256,10687.07
Dell,2.832394466,32,1000,33320.85
Dell,2.310834383,8,256,9303.6
Acer,2.332504783,8,512,16884.41
Asus,3.173717388,8,1000,31923.11
Dell,3.985348403,16,1000,32351.39
Asus,3.154597975,8,256,9460.15
HP,2.894458543,32,1000,32754.92
Lenovo,3.326626276,4,1000,31641.11
Dell,2.663014031,16,512,17406.85
Acer,1.650355857,8,512,16788.16
HP,2.90574204,16,256,9725.67
Asus,3.894063211,16,512,17695.15
HP,1.938257356,8,256,8962.71
Dell,3.225012227,16,256,9612.35
Asus,2.002334222,4,256,9111.31
Lenovo,2.839569211,32,1000,33045.56
HP,1.741691124,32,512,17748.77
Dell,2.625927341,4,256,8836.58
Acer,3.390408322,16,512,17409.09
Asus,2.368928811,8,256,9282.28
HP,3.162279311,16,512,17787.92
HP,3.488624902,4,512,17010.57
Lenovo,3.817944549,16,256,9791.15
Lenovo,2.086605205,32,1000,32824.34
Acer,2.49828979,16,512,17410.06
Acer,1.881040033,4,1000,31081.28
Dell,3.981208755,32,1000,32878.79
Dell,3.81750242,16,256,9702.79
Acer,2.849892826,16,256,10273.95
Acer,3.605083236,32,256,10966.96
Asus,2.802394943,8,512,16879.61
Lenovo,3.05896422,32,256,10903.73
Dell,1.72281108,8,256,9034.6
Lenovo,3.388176051,4,512,17155.69
Lenovo,1.819283709,4,512,16631.67
Acer,3.565169076,32,256,10560.36
Asus,3.455070219,32,256,10856.61
HP,3.271861744,4,256,9273.58
Asus,1.590400951,8,256,9290.1
Asus,2.25782089,4,1000,31460.13
Lenovo,2.157781425,32,1000,32764.01
Asus,2.400341019,4,256,9287.76
Dell,1.719106867,32,1000,33267.88
Lenovo,3.842394558,32,512,18743.57
Dell,2.884505602,4,1000,31500.58
HP,2.263810777,8,1000,31579.97
Lenovo,2.492453793,16,256,9718.5
HP,2.618006351,4,1000,31165.02
Lenovo,3.001485833,16,1000,32210.84
Acer,2.789198569,4,1000,31299.1
Asus,3.798479933,16,1000,32190.57
Acer,2.742408707,8,512,17224.94
HP,3.980395037,8,256,9550.59
Asus,3.628562394,4,256,9310.97
Lenovo,2.021276286,32,512,17879.23
Asus,3.826488037,16,1000,32503.39
Dell,1.790915995,32,512,17848.65
Asus,3.543624271,32,1000,32948.39
Dell,2.451558234,32,512,17863.49
Asus,3.694935801,8,256,9605.25
Dell,3.670141725,4,256,9268.42
HP,3.5148135,4,256,9320.05
Acer,3.475076091,8,1000,31555.48
Lenovo,2.261697848,8,1000,31775.1
Asus,1.702298208,4,512,16213.28
Acer,2.507450447,32,512,18187.25
Lenovo,1.933811287,16,256,9654.23
Lenovo,3.237377722,16,1000,32242.39
Dell,2.365249316,16,512,17379.98
HP,3.939025502,32,1000,33254.52
HP,3.102430193,4,1000,31838.34
Acer,3.556201409,8,256,9530.95
HP,1.831311682,4,256,8771.37
Asus,3.655036206,32,1000,33239.41
HP,3.806892976,8,1000,31881.84
Acer,2.717654797,32,1000,33108.09
HP,3.015632344,16,1000,31992.82
Asus,3.412024502,16,256,9737.95
Dell,1.937096568,32,512,18154.66
Acer,2.756415191,8,256,8965.45
Dell,2.496657569,8,512,16930.19
Dell,1.86593498,4,1000,31266.01
Dell,2.418836056,16,512,17402.13
Lenovo,1.670430773,4,256,8780.66
Lenovo,1.564529767,4,256,8807.46
Dell,1.837915723,32,1000,32879.8
Acer,3.907787779,32,256,10776.33
Asus,2.87382384,4,1000,31672.55
Asus,3.914555403,16,256,9937.86
HP,2.581244696,32,256,10583.97
Acer,2.279540333,4,1000,31431.97
Lenovo,2.765354657,4,512,17224.8
Dell,2.598779222,4,256,9101.46
HP,1.764161711,4,512,16619.37
Asus,3.102065787,4,256,9432.75
Lenovo,2.040095456,4,256,8921.53
Lenovo,3.048969887,32,256,10674.03
Dell,3.125502731,16,256,10061.27
Asus,1.880062133,4,512,16495.31
Acer,1.653374068,8,512,16947.9
Lenovo,3.451903965,32,256,11021.31
Dell,2.649501059,32,256,10692.59
Acer,1.645409489,4,512,16690.67
Asus,3.987165793,32,1000,33122
Lenovo,1.644451402,4,1000,31096.73
Acer,3.237588072,16,512,17326.62
Acer,3.959197313,16,256,10384.21
Acer,2.097950261,32,256,10680.03
Lenovo,1.855623422,32,1000,32563.09
Lenovo,1.803462349,8,1000,31617.26
HP,2.258187869,32,512,18124.41
Asus,1.752614528,8,1000,31730.77
Dell,3.230403354,16,512,17622.21
Acer,1.655729495,16,1000,31852.2
HP,2.77355532,4,1000,31378.49
Dell,3.991742135,16,1000,32360.21
HP,3.534925674,8,256,9429.52
Lenovo,3.038048596,32,256,10615.15
Acer,2.265634052,4,256,9100.84
Dell,3.059739591,8,1000,31682.62
Dell,2.81760366,32,512,18076.18
Dell,2.56520846,4,512,16966.75
Dell,1.826775942,16,512,17306.62
Dell,3.716510538,8,512,17545.43
HP,2.624461622,32,256,10404.66
Acer,1.98655628,4,256,9105.36
Lenovo,2.419398377,4,1000,31368.35
Lenovo,2.535324381,16,1000,32511.83
Lenovo,3.568844739,32,512,18519.25
Lenovo,3.334035951,16,256,9953.51
HP,3.423262234,16,512,17555.23
Asus,1.527578161,32,1000,32513.48
Acer,2.540384995,32,1000,32885.83
Dell,2.703360379,32,512,18010.96
Asus,1.547980692,8,1000,31160.96
Lenovo,2.149533022,32,512,18385.2
Asus,3.400724558,4,256,8966.38
Acer,1.842774264,16,512,17261.63
Dell,2.838275329,8,256,9197.07
Dell,2.03800468,32,256,10368.84
Acer,1.530301937,8,1000,31472.85
Acer,2.103003644,32,1000,32927.6
Lenovo,3.939684387,8,1000,32150.73
Dell,3.50384278,16,512,17453.13
Asus,3.898941611,16,512,17641.6
HP,2.71963511,4,1000,32307.19
HP,1.774340497,4,512,16565.69
Acer,2.869898722,32,1000,32725.91
Lenovo,2.635943336,16,512,17300.98
HP,3.610892707,8,256,9506.24
Dell,1.745206452,8,256,9134.7
Acer,2.720602843,8,1000,31701.99
Asus,1.875121662,4,512,16647.18
Acer,2.311689817,8,512,16945.64
Asus,3.343392693,4,256,9106.69
Acer,2.690045323,4,256,9213.79
Acer,2.439720713,32,1000,32815.18
Acer,2.486190696,8,256,9376.58
Asus,2.648616921,8,1000,31374.56
Asus,3.46254136,16,256,9929.38
Acer,3.730211722,32,256,10382.84
HP,3.888336716,16,512,17685.07
Lenovo,3.467258466,32,256,10881.59
Lenovo,2.288517239,8,256,9453.54
Lenovo,3.220336765,4,1000,31665.88
Asus,2.59400781,4,256,9277.58
Asus,2.136676555,4,1000,31341.45
HP,3.602178949,4,256,9261.62
Lenovo,1.596065872,4,256,9495.63
Lenovo,3.75440498,16,1000,32427.61
Acer,2.653693662,32,512,18029
Asus,3.093003692,8,1000,31359.91
Lenovo,3.148384806,16,1000,32045.64
HP,3.737794352,32,1000,33309.87
HP,3.091674205,4,512,16896.07
Lenovo,3.034833962,32,256,10148.02
Asus,1.666630101,32,1000,32684.11
HP,2.796020055,4,1000,31571.91
Acer,1.875422502,4,512,16186.63
HP,3.343584422,4,1000,31593.67
Dell,2.780554802,8,256,9149.52
Dell,3.200569448,4,512,16552.4
Asus,1.604182252,8,256,9407.47
Lenovo,1.71198004,4,256,8807.7
